{
  "train_loss": [
    0.6377785733222961,
    0.4951494136238098,
    0.41568116985321046,
    0.3685656825065613,
    0.3425863413238525,
    0.32334906050682066,
    0.288064222240448,
    0.276412570476532,
    0.2641558073043823,
    0.24205792388916014
  ],
  "train_acc": [
    0.62148,
    0.75504,
    0.8086,
    0.83564,
    0.8502,
    0.85988,
    0.87992,
    0.88532,
    0.88844,
    0.90036
  ],
  "test_loss": [
    0.8135435052490234,
    0.48806688686370847,
    0.3792115476131439,
    0.37295458702087403,
    0.39024396576404574,
    0.3686868570518494,
    0.33260243268013,
    0.3519393141174316,
    0.3480051733994484,
    0.39056199410438536
  ],
  "test_acc": [
    0.6076,
    0.7736,
    0.82504,
    0.83508,
    0.81964,
    0.84544,
    0.85668,
    0.85528,
    0.85484,
    0.84724
  ]
}