{"train_loss": [0.5395690928649902, 0.37431008863449095, 0.3154323963832855, 0.2753591222190857, 0.24372595996856689, 0.2220376739835739, 0.1857559515953064, 0.17232289908409118, 0.14809505769968032, 0.12970347953796388], "train_acc": [0.7122, 0.8316, 0.86608, 0.88416, 0.90056, 0.91068, 0.92508, 0.93076, 0.94152, 0.9496], "test_loss": [0.3978809544181824, 0.345922693567276, 0.33598251455307004, 0.30682638816833496, 0.32107574067115785, 0.3294376806688309, 0.3307196673965454, 0.37431200386047364, 0.39707241357803347, 0.3814192719268799], "test_acc": [0.81764, 0.84788, 0.85564, 0.86792, 0.86636, 0.869, 0.87372, 0.86324, 0.86368, 0.86792]}