{
  "train_loss": [
    0.637300569858551
  ],
  "train_acc": [
    0.61676
  ],
  "test_loss": [
    0.5758242363357544
  ],
  "test_acc": [
    0.69712
  ]
}