{
  "train_loss": [
    0.6876051032638549,
    0.6849477415466309,
    0.6835739415359497,
    0.6695908035278321,
    0.6548070302200317,
    0.49760866050720215,
    0.3360468202447891,
    0.28219153315544127,
    0.2403328111076355,
    0.21903970377922058
  ],
  "train_acc": [
    0.53544,
    0.5366,
    0.56128,
    0.59724,
    0.61724,
    0.76908,
    0.86644,
    0.88944,
    0.90812,
    0.91832
  ],
  "test_loss": [
    0.7267240613937378,
    0.6167438237380981,
    0.687305975112915,
    0.6717192112350464,
    0.644783427772522,
    0.3792769009971619,
    0.34156396585464477,
    0.343795786781311,
    0.3276250109910965,
    0.34239727051734925
  ],
  "test_acc": [
    0.50004,
    0.63992,
    0.5366,
    0.55288,
    0.64908,
    0.83752,
    0.85836,
    0.85236,
    0.86148,
    0.8646
  ]
}