{
  "train_loss": [
    0.491938057308197,
    0.3232923574733734,
    0.27165856409072875,
    0.2336960150194168,
    0.2028159701490402,
    0.1759629523897171,
    0.1555363560628891,
    0.13305510635375978,
    0.11235370604038239,
    0.10120054233551025
  ],
  "train_acc": [
    0.74864,
    0.86188,
    0.88868,
    0.9048,
    0.92044,
    0.93172,
    0.94116,
    0.95164,
    0.95932,
    0.96296
  ],
  "test_loss": [
    0.3393682124996185,
    0.2949854134511948,
    0.28664129782676695,
    0.28233820915699004,
    0.2949874315977097,
    0.29372810390472415,
    0.30087143263816835,
    0.339555306353569,
    0.37813226009368894,
    0.38988749084472657
  ],
  "test_acc": [
    0.85064,
    0.8732,
    0.8806,
    0.88328,
    0.88024,
    0.88268,
    0.87792,
    0.87188,
    0.87168,
    0.87132
  ]
}