{
  "train_loss": [
    0.5155927833557129,
    0.3738528963661194,
    0.3287428617763519,
    0.29886114117622375,
    0.2691427437782288,
    0.2928634789085388,
    0.2868324992799759,
    0.23760247363090514,
    0.21256301169395447,
    0.19674981186389923
  ],
  "train_acc": [
    0.73184,
    0.8338,
    0.8558,
    0.87164,
    0.88912,
    0.87756,
    0.88004,
    0.904,
    0.91496,
    0.92316
  ],
  "test_loss": [
    0.3688661418437958,
    0.3344594992160797,
    0.33131132075309755,
    0.3127097726345062,
    0.4056494201087952,
    0.40385741102218625,
    0.3736664277744293,
    0.3515525268650055,
    0.3431462902641296,
    0.3806756313419342
  ],
  "test_acc": [
    0.83316,
    0.8526,
    0.85944,
    0.86608,
    0.83704,
    0.83504,
    0.85516,
    0.85652,
    0.86508,
    0.85864
  ]
}