{"train_loss": [0.5415010550117493, 0.38300499432563784, 0.323985837097168, 0.277165440158844, 0.2451474678850174, 0.2177706151008606, 0.19299109639167786, 0.16999960735321046, 0.1564648296737671, 0.13058236310482024], "train_acc": [0.71364, 0.82824, 0.86044, 0.88404, 0.89664, 0.91128, 0.92252, 0.9336, 0.9382, 0.94996], "test_loss": [0.3921580658721924, 0.3484308924865723, 0.34230359045028685, 0.3139457382440567, 0.32398816568374633, 0.33498424884319306, 0.3344798051261902, 0.3757126027393341, 0.348709559469223, 0.3787363017988205], "test_acc": [0.81596, 0.8414, 0.84936, 0.867, 0.86604, 0.86796, 0.87352, 0.86488, 0.87064, 0.86956]}