{"train_loss": [0.6950115295028686, 0.6900325567626953, 0.6835215033340454, 0.6740809709358215, 0.6617801469612121, 0.6457777475357056, 0.626060133304596, 0.6055210203933716, 0.584209863948822, 0.5657714898109436], "train_acc": [0.5012, 0.52196, 0.53548, 0.55084, 0.565, 0.58236, 0.59732, 0.61472, 0.62632, 0.64172], "test_loss": [0.6929344304275513, 0.6935625280380249, 0.6981642071914673, 0.7002598839569092, 0.7059619359397888, 0.7214796042251587, 0.7371699191665649, 0.7580755397415161, 0.7751549297714233, 0.796046074180603], "test_acc": [0.50964, 0.5146, 0.51676, 0.51372, 0.51268, 0.51108, 0.52048, 0.51312, 0.51372, 0.5132]}